{"fine": [[106.6599, 18.1859], [109.0599, 51.7859]], "jittered": [[106.29466245703928, 17.820662457039294], [109.55092206863533, 52.27692206863532]], "buffered": [[105.29466245703928, 16.820662457039294], [110.55092206863533, 53.27692206863532]]}