{"fine": [[95.1909, 18.2836], [97.5909, 51.8836]], "jittered": [[94.3695507129354, 17.46225071293541], [97.55904566901178, 51.85174566901177]], "buffered": [[93.3695507129354, 16.46225071293541], [98.55904566901178, 52.85174566901177]]}