{"fine": [[89.2787, 17.8706], [91.6787, 51.4706]], "jittered": [[89.6551889840023, 18.24708898400229], [92.16718320077905, 51.959083200779034]], "buffered": [[88.6551889840023, 17.24708898400229], [93.16718320077905, 52.959083200779034]]}