{"fine": [[117.8247, 18.3776], [120.2247, 51.9776]], "jittered": [[118.26654040544183, 18.81944040544182], [119.79039756815065, 51.543297568150656]], "buffered": [[117.26654040544183, 17.81944040544182], [120.79039756815065, 52.543297568150656]]}