{"fine": [[83.3966, 17.923], [85.7966, 50.323]], "jittered": [[82.97819666613552, 17.5045966661355], [86.78474202629009, 51.31114202629009]], "buffered": [[81.97819666613552, 16.5045966661355], [87.78474202629009, 52.31114202629009]]}