{"fine": [[112.2179, 18.1259], [114.6179, 51.7259]], "jittered": [[112.35968258375478, 18.267682583754773], [114.67487460221062, 51.78287460221062]], "buffered": [[111.35968258375478, 17.267682583754773], [115.67487460221062, 52.78287460221062]]}