{"fine": [[100.8866, 17.9494], [103.2866, 51.5494]], "jittered": [[100.56306873021244, 17.62586873021243], [104.03391207038668, 52.29671207038666]], "buffered": [[99.56306873021244, 16.62586873021243], [105.03391207038668, 53.29671207038666]]}